svc,cohort,cohort_years,paygrade_level,paygrade,y1_emp,y5_emp,y10_emp,y1_nonemp,y5_nonemp,y10_nonemp,y1_p25_earnings,y5_p25_earnings,y10_p25_earnings,y1_p50_earnings,y5_p50_earnings,y10_p50_earnings,y1_p75_earnings,y5_p75_earnings,y10_p75_earnings,status_y1_emp,status_y5_emp,status_y10_emp,status_y1_nonemp,status_y5_nonemp,status_y10_nonemp,status_y1_earn,status_y5_earn,status_y10_earn
0,0,20,X,E1-E9,1374000,1400000,892300,1423000,881000,484200,26200,34990,42120,40230,52270,62350,61970,75920,90070,1,1,1,1,1,1,1,1,1
0,0,20,E,E1,54580,55650,36690,80400,55440,34320,19100,23350,26960,24840,32790,39590,33450,45740,56770,1,1,1,1,1,1,1,1,1
0,0,20,E,E2,56480,58470,40090,77460,51700,32320,19400,24130,28200,25510,34010,41080,34810,47620,58560,1,1,1,1,1,1,1,1,1
0,0,20,E,E3,137100,147600,99510,186100,119100,68600,20660,26750,32380,28400,38550,47320,39540,54060,67490,1,1,1,1,1,1,1,1,1
0,0,20,E,E4,443100,481800,297600,535300,314600,156900,23960,32890,40500,34630,47530,58040,49160,66370,82140,1,1,1,1,1,1,1,1,1
0,0,20,E,E5,310500,316500,200100,307100,178500,91940,29950,40980,49830,45100,58640,71200,65910,81870,98920,1,1,1,1,1,1,1,1,1
0,0,20,E,E6,148300,138500,86470,110700,74590,43550,37240,45800,50450,54640,64380,71450,78260,90060,99450,1,1,1,1,1,1,1,1,1
0,0,20,E,E7-E9,223500,201300,131800,125700,86980,56610,45320,54480,59970,65560,75790,83390,90130,100300,108900,1,1,1,1,1,1,1,1,1
0,2002,2,X,E1-E9,135400,167600,163000,115800,83640,88350,25000,34110,40550,37590,50760,60130,56370,73310,87780,1,1,1,1,1,1,1,1,1
0,2002,2,E,E1,5584,7373,6872,7780,6008,6538,18110,22730,26350,23840,32090,38550,31960,44710,55180,1,1,1,1,1,1,1,1,1
0,2002,2,E,E2,6480,8806,8170,9015,6749,7368,18520,23300,27370,24300,32920,39700,32640,45820,56320,1,1,1,1,1,1,1,1,1
0,2002,2,E,E3,13900,18350,17210,17360,12930,14040,19730,25340,30260,26670,36870,44470,36570,51120,63510,1,1,1,1,1,1,1,1,1
0,2002,2,E,E4,40710,54080,53720,40970,27630,27960,22820,32030,38790,32380,46250,55840,44860,63820,78960,1,1,1,1,1,1,1,1,1
0,2002,2,E,E5,26500,33450,33730,21910,14920,14740,27830,40470,48610,40790,57170,69670,57920,78620,97500,1,1,1,1,1,1,1,1,1
0,2002,2,E,E6,17530,18950,18090,8444,6984,7893,34880,45520,48610,49520,62240,68260,69640,85600,95960,1,1,1,1,1,1,1,1,1
0,2002,2,E,E7-E9,24740,26610,25250,10310,8422,9816,41550,52960,57960,59830,73750,81860,82480,98230,108400,1,1,1,1,1,1,1,1,1
0,2004,2,X,E1-E9,177300,179800,196900,125900,123400,106500,25050,36970,41610,38610,54780,61620,58660,79350,89170,1,1,1,1,1,1,1,1,1
0,2004,2,E,E1,6475,5643,7202,6908,7709,6201,18060,23760,26870,24200,32740,39120,33000,46540,56820,1,1,1,1,1,1,1,1,1
0,2004,2,E,E2,7667,6710,8502,7464,8382,6653,18270,24480,27910,24750,34300,40690,34300,47780,58510,1,1,1,1,1,1,1,1,1
0,2004,2,E,E3,19170,18320,21860,17910,18710,15220,19460,27370,32060,27080,39320,46900,38060,55650,67810,1,1,1,1,1,1,1,1,1
0,2004,2,E,E4,56920,58770,67340,46790,45040,36450,22520,33620,39440,32900,48220,56880,46330,67260,80950,1,1,1,1,1,1,1,1,1
0,2004,2,E,E5,36100,38290,41850,25760,23560,20000,28020,42430,49100,42160,59980,69870,61150,83370,97300,1,1,1,1,1,1,1,1,1
0,2004,2,E,E6,19500,19700,19360,9425,9239,9587,36240,47510,49420,51550,65350,69440,72120,90250,96280,1,1,1,1,1,1,1,1,1
0,2004,2,E,E7-E9,31520,32370,30800,11630,10780,12370,44560,57410,59220,63010,79180,82800,86510,105800,108900,1,1,1,1,1,1,1,1,1
0,2006,2,X,E1-E9,168200,170300,190700,118600,116500,96010,26840,36620,43190,41190,55050,63620,62490,80500,91400,1,1,1,1,1,1,1,1,1
0,2006,2,E,E1,5452,5101,6413,7259,7550,6229,18680,22700,26380,24790,31380,39500,34440,44320,56680,1,1,1,1,1,1,1,1,1
0,2006,2,E,E2,5556,5504,7010,7204,7298,5757,18950,23370,27770,25330,32280,40460,35060,46090,57670,1,1,1,1,1,1,1,1,1
0,2006,2,E,E3,16140,15680,19770,16130,16580,12550,20470,26300,32450,28400,37850,47270,39380,53640,66990,1,1,1,1,1,1,1,1,1
0,2006,2,E,E4,51900,52860,62740,41020,40100,30190,24090,32960,41330,34880,48070,59060,49400,68230,83370,1,1,1,1,1,1,1,1,1
0,2006,2,E,E5,40650,42430,47240,26950,25180,20370,29840,41730,49980,44880,59860,71570,64570,84670,99220,1,1,1,1,1,1,1,1,1
0,2006,2,E,E6,19270,19110,19220,9200,9304,9185,37170,47250,50870,53590,65910,71730,75430,91260,99070,1,1,1,1,1,1,1,1,1
0,2006,2,E,E7-E9,29190,29590,28330,10850,10510,11740,45820,57060,60290,64570,77820,83600,88010,102700,108600,1,1,1,1,1,1,1,1,1
0,2008,2,X,E1-E9,104300,151000,167300,152800,106000,89780,28940,33460,42710,46130,51080,63600,71950,76240,91760,1,1,1,1,1,1,1,1,1
0,2008,2,E,E1,3592,6420,7921,12080,9202,7724,19860,22030,26700,24580,29990,39140,32230,42720,56310,1,1,1,1,1,1,1,1,1
0,2008,2,E,E2,3504,6659,8016,10840,7739,6325,20060,22950,28230,25210,31690,40950,33670,44480,58240,1,1,1,1,1,1,1,1,1
0,2008,2,E,E3,8405,15750,18800,22520,15100,12070,21280,24960,32960,28410,35600,48070,39780,50780,67900,1,1,1,1,1,1,1,1,1
0,2008,2,E,E4,27170,46010,53210,53350,34460,27380,25190,30790,41480,36230,45000,59200,52400,63710,83750,1,1,1,1,1,1,1,1,1
0,2008,2,E,E5,25120,36660,40270,33170,21600,18000,32160,39500,51250,48950,57270,73110,71690,81600,101500,1,1,1,1,1,1,1,1,1
0,2008,2,E,E6,13330,15270,15540,10250,8340,8014,40560,45290,52620,59460,64450,75020,84400,92020,104700,1,1,1,1,1,1,1,1,1
0,2008,2,E,E7-E9,23190,24190,23540,10600,9601,10270,51200,55480,62030,72110,76560,85150,96580,100100,109600,1,1,1,1,1,1,1,1,1
0,2010,2,X,E1-E9,103000,167200,174300,175000,110800,103600,26700,32980,42500,42110,49300,62650,68930,72140,89890,1,1,1,1,1,1,1,1,1
0,2010,2,E,E1,4671,7961,8280,11350,7983,7631,19770,23160,28470,24850,32290,41370,33390,44810,58250,1,1,1,1,1,1,1,1,1
0,2010,2,E,E2,4420,7988,8396,10160,6630,6219,20120,24040,29970,25650,33620,43720,34420,47350,61790,1,1,1,1,1,1,1,1,1
0,2010,2,E,E3,10100,20340,21870,26490,16250,14720,20960,26080,34090,28250,37490,49400,39610,52360,70010,1,1,1,1,1,1,1,1,1
0,2010,2,E,E4,28560,56590,60580,66970,39000,34920,23900,31330,41560,34280,45060,59240,50440,62820,83230,1,1,1,1,1,1,1,1,1
0,2010,2,E,E5,21160,35300,37030,34730,20580,18840,30340,38850,50130,46790,55920,71770,71440,77950,99450,1,1,1,1,1,1,1,1,1
0,2010,2,E,E6,11300,14210,14270,11820,8920,8867,37520,43930,51960,57400,62760,74870,84680,89290,104800,1,1,1,1,1,1,1,1,1
0,2010,2,E,E7-E9,22770,24800,23890,13510,11440,12410,46290,52500,60600,68510,74200,83620,93190,97620,108800,1,1,1,1,1,1,1,1,1
0,2012,2,X,E1-E9,131000,196400,,190100,124800,,24920,33640,,37390,49690,,57620,71130,,1,1,-1,1,1,-1,1,1,-1
0,2012,2,E,E1,5535,8612,,9776,6735,,19450,24020,,24830,33660,,33210,46650,,1,1,-1,1,1,-1,1,1,-1
0,2012,2,E,E2,5246,8419,,8863,5704,,19730,24830,,25350,35210,,34000,48960,,1,1,-1,1,1,-1,1,1,-1
0,2012,2,E,E3,13980,23320,,25470,16120,,20690,27210,,27730,38990,,38810,54320,,1,1,-1,1,1,-1,1,1,-1
0,2012,2,E,E4,45190,75430,,78450,48220,,23260,32410,,32870,46750,,46960,64680,,1,1,-1,1,1,-1,1,1,-1
0,2012,2,E,E5,28610,42580,,39200,25210,,28300,39500,,42580,56550,,63060,78280,,1,1,-1,1,1,-1,1,1,-1
0,2012,2,E,E6,13680,16960,,14090,10840,,34290,43820,,51000,62390,,76110,87440,,1,1,-1,1,1,-1,1,1,-1
0,2012,2,E,E7-E9,18760,21040,,14280,11990,,41530,51270,,60870,71950,,85720,96040,,1,1,-1,1,1,-1,1,1,-1
0,2014,2,X,E1-E9,141800,190000,,162400,114400,,25800,36210,,38840,53580,,58170,76640,,1,1,-1,1,1,-1,1,1,-1
0,2014,2,E,E1,5669,7483,,7182,5431,,19460,24400,,24840,34800,,33090,47740,,1,1,-1,1,1,-1,1,1,-1
0,2014,2,E,E2,5367,7164,,6533,4698,,19720,25260,,25520,36040,,34540,50010,,1,1,-1,1,1,-1,1,1,-1
0,2014,2,E,E3,12580,17580,,16820,11890,,21060,28510,,28670,40940,,39190,57490,,1,1,-1,1,1,-1,1,1,-1
0,2014,2,E,E4,49660,71520,,64860,43010,,23780,34330,,34090,49530,,47780,68900,,1,1,-1,1,1,-1,1,1,-1
0,2014,2,E,E5,33810,45820,,37620,25600,,29500,42100,,43660,60150,,62850,83210,,1,1,-1,1,1,-1,1,1,-1
0,2014,2,E,E6,15240,18600,,14810,11480,,35690,45640,,52200,65250,,74790,91290,,1,1,-1,1,1,-1,1,1,-1
0,2014,2,E,E7-E9,19490,21830,,14570,12270,,42240,53500,,61310,75100,,84090,98910,,1,1,-1,1,1,-1,1,1,-1
0,2016,2,X,E1-E9,140400,177500,,138500,101400,,26230,36390,,40180,53980,,61400,77680,,1,1,-1,1,1,-1,1,1,-1
0,2016,2,E,E1,5645,7056,,6272,4826,,19210,24320,,24980,34610,,33540,47740,,1,1,-1,1,1,-1,1,1,-1
0,2016,2,E,E2,5759,7221,,5940,4495,,19660,25310,,25620,35790,,34700,48980,,1,1,-1,1,1,-1,1,1,-1
0,2016,2,E,E3,14100,18220,,15640,11520,,21180,28830,,29250,40970,,40450,57390,,1,1,-1,1,1,-1,1,1,-1
0,2016,2,E,E4,49670,66590,,54030,37170,,24530,34960,,35700,50340,,50770,70070,,1,1,-1,1,1,-1,1,1,-1
0,2016,2,E,E5,33010,41960,,30870,21890,,30690,42870,,46560,61710,,67210,85060,,1,1,-1,1,1,-1,1,1,-1
0,2016,2,E,E6,13390,15680,,11770,9483,,37490,46910,,56280,67090,,80770,93870,,1,1,-1,1,1,-1,1,1,-1
0,2016,2,E,E7-E9,18770,20810,,13980,11980,,44980,54280,,65990,76130,,90000,100400,,1,1,-1,1,1,-1,1,1,-1
0,2018,2,X,E1-E9,135200,,,125100,,,27360,,,42760,,,66790,,,1,-1,-1,1,-1,-1,1,-1,-1
0,2018,2,E,E1,6819,,,7262,,,19230,,,25570,,,34270,,,1,-1,-1,1,-1,-1,1,-1,-1
0,2018,2,E,E2,6675,,,6619,,,19900,,,26830,,,36660,,,1,-1,-1,1,-1,-1,1,-1,-1
0,2018,2,E,E3,13300,,,13950,,,21320,,,30000,,,41910,,,1,-1,-1,1,-1,-1,1,-1,-1
0,2018,2,E,E4,45190,,,45100,,,25610,,,37780,,,54080,,,1,-1,-1,1,-1,-1,1,-1,-1
0,2018,2,E,E5,33290,,,29340,,,33140,,,50100,,,72570,,,1,-1,-1,1,-1,-1,1,-1,-1
0,2018,2,E,E6,12120,,,10080,,,42580,,,63740,,,88350,,,1,-1,-1,1,-1,-1,1,-1,-1
0,2018,2,E,E7-E9,17790,,,12720,,,50740,,,73650,,,98400,,,1,-1,-1,1,-1,-1,1,-1,-1
0,2020,2,X,E1-E9,137000,,,118500,,,26880,,,41130,,,63030,,,1,-1,-1,1,-1,-1,1,-1,-1
0,2020,2,E,E1,5135,,,4533,,,19180,,,25930,,,35730,,,1,-1,-1,1,-1,-1,1,-1,-1
0,2020,2,E,E2,5803,,,4812,,,19550,,,27210,,,37010,,,1,-1,-1,1,-1,-1,1,-1,-1
0,2020,2,E,E3,15420,,,13800,,,21390,,,30140,,,41830,,,1,-1,-1,1,-1,-1,1,-1,-1
0,2020,2,E,E4,48100,,,43730,,,25040,,,36390,,,51090,,,1,-1,-1,1,-1,-1,1,-1,-1
0,2020,2,E,E5,32310,,,27580,,,31420,,,47400,,,68310,,,1,-1,-1,1,-1,-1,1,-1,-1
0,2020,2,E,E6,12910,,,10800,,,40740,,,61140,,,85640,,,1,-1,-1,1,-1,-1,1,-1,-1
0,2020,2,E,E7-E9,17320,,,13300,,,48830,,,71840,,,96570,,,1,-1,-1,1,-1,-1,1,-1,-1
A,0,20,X,E1-E9,534100,547800,332200,645000,420400,229300,24110,31700,37620,35960,47160,55850,53860,68150,81250,1,1,1,1,1,1,1,1,1
A,0,20,E,E1,43250,44150,27980,67870,46580,28340,18970,23070,26290,24560,32330,38390,32970,44890,55050,1,1,1,1,1,1,1,1,1
A,0,20,E,E2,35690,37550,25650,54040,35940,22560,19090,23550,27180,24850,32860,39370,33450,45710,55930,1,1,1,1,1,1,1,1,1
A,0,20,E,E3,43400,47000,30960,66520,44490,27130,20050,25260,29580,27110,36040,43270,37270,50110,61120,1,1,1,1,1,1,1,1,1
A,0,20,E,E4,194700,210000,118000,255100,158500,77760,23430,31480,37640,33450,45380,53830,46980,63110,75760,1,1,1,1,1,1,1,1,1
A,0,20,E,E5,101800,105400,67060,110400,69920,36590,28350,38900,47340,41710,54800,66820,59770,76200,93470,1,1,1,1,1,1,1,1,1
A,0,20,E,E6,42800,39950,22250,42590,29620,15390,34020,42750,49080,49100,59590,69180,71150,84670,97520,1,1,1,1,1,1,1,1,1
A,0,20,E,E7-E9,72390,63740,40280,48490,35290,21530,42060,50620,55690,60230,70550,78070,84520,95470,104200,1,1,1,1,1,1,1,1,1
A,2002,2,X,E1-E9,52390,66390,64290,54320,40320,42400,22890,30230,36090,33620,45270,53460,49010,64680,77960,1,1,1,1,1,1,1,1,1
A,2004,2,X,E1-E9,68330,67740,75020,54630,55270,47990,23380,33970,37830,35710,50490,56140,53620,73440,81680,1,1,1,1,1,1,1,1,1
A,2006,2,X,E1-E9,54920,55190,62900,49920,49680,41960,24670,33100,38720,37490,50190,57330,56540,74370,83160,1,1,1,1,1,1,1,1,1
A,2008,2,X,E1-E9,37050,55530,62820,71090,52510,45280,26400,29670,37620,41130,45220,56410,64840,67850,82410,1,1,1,1,1,1,1,1,1
A,2010,2,X,E1-E9,38920,64160,67190,79970,54710,51670,24400,29830,37910,37040,44240,55930,61100,64140,80850,1,1,1,1,1,1,1,1,1
A,2012,2,X,E1-E9,56320,84820,,92790,64260,,23170,30790,,33300,45010,,49440,63750,,1,1,-1,1,1,-1,1,1,-1
A,2014,2,X,E1-E9,59520,79900,,76460,56170,,23910,32890,,34670,48160,,49960,68310,,1,1,-1,1,1,-1,1,1,-1
A,2016,2,X,E1-E9,59070,74060,,62410,47430,,24490,33520,,36240,49200,,53280,70240,,1,1,-1,1,1,-1,1,1,-1
A,2018,2,X,E1-E9,55560,,,55750,,,24630,,,37010,,,55590,,,1,-1,-1,1,-1,-1,1,-1,-1
A,2020,2,X,E1-E9,51990,,,47670,,,24530,,,36500,,,53680,,,1,-1,-1,1,-1,-1,1,-1,-1
C,0,20,X,E1-E9,21060,20310,14440,19390,11630,7008,29040,38660,45430,44110,56990,66500,63160,79710,94010,1,1,1,1,1,1,1,1,1
C,0,20,E,E1,55,,,,,,28170,,,36500,,,57050,,,1,5,5,5,5,5,1,5,5
C,0,20,E,E2,336,419,328,363,232,182,20120,26470,32590,26300,38820,44460,42140,58120,68650,1,1,1,1,1,1,1,1,1
C,0,20,E,E3,1457,1339,1100,1389,887,555,21450,30840,36830,30010,42410,53220,41070,58530,77760,1,1,1,1,1,1,1,1,1
C,0,20,E,E4,6437,6702,5124,6717,3855,2164,25600,35250,42450,37330,51720,61900,52750,72880,87710,1,1,1,1,1,1,1,1,1
C,0,20,E,E5,4953,4948,3651,5021,2731,1599,30440,42110,52450,45930,61730,74380,63400,84340,103300,1,1,1,1,1,1,1,1,1
C,0,20,E,E6,3154,2848,1850,2507,1619,1042,35040,42960,48750,52100,62160,70720,71370,85060,99090,1,1,1,1,1,1,1,1,1
C,0,20,E,E7-E9,4669,4050,2397,3395,2311,1467,39240,45940,48930,56170,64760,71580,76260,88000,95230,1,1,1,1,1,1,1,1,1
C,2002,2,X,E1-E9,2454,2853,2918,1748,1384,1333,26510,37730,45070,40040,54390,64910,56170,75620,92170,1,1,1,1,1,1,1,1,1
C,2004,2,X,E1-E9,2629,2736,3030,1773,1661,1446,26370,38540,43620,39520,56050,63650,57330,77570,90280,1,1,1,1,1,1,1,1,1
C,2006,2,X,E1-E9,2792,2888,3145,1849,1769,1478,28710,37790,46350,42390,56590,67650,60680,81510,94440,1,1,1,1,1,1,1,1,1
C,2008,2,X,E1-E9,1782,2406,2607,2072,1434,1245,29930,37810,46270,47190,55950,69350,68020,80570,98140,1,1,1,1,1,1,1,1,1
C,2010,2,X,E1-E9,1698,2751,2740,2577,1516,1506,27130,36460,46100,42400,53040,67530,62770,75240,95260,1,1,1,1,1,1,1,1,1
C,2012,2,X,E1-E9,1781,2439,,2074,1399,,29270,39860,,42980,58730,,61180,81170,,1,1,-1,1,1,-1,1,1,-1
C,2014,2,X,E1-E9,1660,2053,,1641,1220,,32750,42680,,48110,62290,,67080,83880,,1,1,-1,1,1,-1,1,1,-1
C,2016,2,X,E1-E9,1794,2179,,1633,1245,,31240,41180,,47060,61280,,65350,85430,,1,1,-1,1,1,-1,1,1,-1
C,2018,2,X,E1-E9,2083,,,1878,,,33310,,,49400,,,70500,,,1,-1,-1,1,-1,-1,1,-1,-1
C,2020,2,X,E1-E9,2388,,,2145,,,30480,,,47570,,,66330,,,1,-1,-1,1,-1,-1,1,-1,-1
F,0,20,X,E1-E9,268300,267400,180400,232700,141900,81310,31090,41030,48240,49420,61160,70880,74420,86330,98170,1,1,1,1,1,1,1,1,1
F,0,20,E,E1,6078,6265,4745,5873,4278,2944,19940,25280,30410,26560,35770,44720,36010,50760,63320,1,1,1,1,1,1,1,1,1
F,0,20,E,E2,7842,8042,5648,8104,5365,3359,20060,25700,30440,26870,36630,44510,37050,51170,62840,1,1,1,1,1,1,1,1,1
F,0,20,E,E3,19530,20970,15410,23850,15550,9495,20800,27530,33630,28940,39790,49220,41060,56900,70930,1,1,1,1,1,1,1,1,1
F,0,20,E,E4,66870,72910,50470,77380,43240,22130,25740,36210,44920,38800,52800,64560,57390,74290,90980,1,1,1,1,1,1,1,1,1
F,0,20,E,E5,60070,59530,36940,56960,33460,16950,34690,45210,53960,52270,64310,76320,74770,88890,105500,1,1,1,1,1,1,1,1,1
F,0,20,E,E6,31050,28230,18300,21970,14440,8691,38810,47130,50710,56750,65570,71550,79130,89360,96890,1,1,1,1,1,1,1,1,1
F,0,20,E,E7-E9,76880,71480,48910,38580,25580,17740,47710,57640,63490,68640,78230,85910,92130,101900,110100,1,1,1,1,1,1,1,1,1
F,2002,2,X,E1-E9,25790,31360,30560,18750,13200,14050,29200,39820,47020,45690,59410,69540,69720,84830,97330,1,1,1,1,1,1,1,1,1
F,2004,2,X,E1-E9,38990,40590,43280,23170,21600,18940,28540,42720,47390,45750,63670,70040,69280,89310,97330,1,1,1,1,1,1,1,1,1
F,2006,2,X,E1-E9,38520,39650,42500,21800,20560,17790,31320,42850,48830,48430,63560,71180,71070,88760,98130,1,1,1,1,1,1,1,1,1
F,2008,2,X,E1-E9,23190,30000,31900,22850,16110,14200,35580,40530,49680,56940,61250,72540,82330,87200,100000,1,1,1,1,1,1,1,1,1
F,2010,2,X,E1-E9,22410,31470,32200,26160,17110,16320,32100,38670,48540,53260,58250,71270,79870,83350,98620,1,1,1,1,1,1,1,1,1
F,2012,2,X,E1-E9,21810,30660,,26780,17980,,28290,37630,,43890,56100,,67760,79760,,1,1,-1,1,1,-1,1,1,-1
F,2014,2,X,E1-E9,27710,35320,,27190,19620,,30700,42390,,47140,61960,,68890,86270,,1,1,-1,1,1,-1,1,1,-1
F,2016,2,X,E1-E9,22790,28380,,21330,15740,,32460,43390,,52420,63910,,77170,89450,,1,1,-1,1,1,-1,1,1,-1
F,2018,2,X,E1-E9,24120,,,21710,,,34890,,,56550,,,83750,,,1,-1,-1,1,-1,-1,1,-1,-1
F,2020,2,X,E1-E9,23000,,,22960,,,32090,,,51620,,,78340,,,1,-1,-1,1,-1,-1,1,-1,-1
M,0,20,X,E1-E9,243100,243400,145000,229300,126800,61910,25930,36230,45280,38460,52720,65010,56510,74670,92120,1,1,1,1,1,1,1,1,1
M,0,20,E,E1,1768,1795,1346,2090,1526,1089,20510,25310,30890,27810,36760,45680,38780,52680,66830,1,1,1,1,1,1,1,1,1
M,0,20,E,E2,5406,5315,3498,6101,4077,2423,20600,26650,32070,28060,38060,46890,38220,52900,67150,1,1,1,1,1,1,1,1,1
M,0,20,E,E3,31860,33040,21560,37670,22790,12280,21940,28990,36380,30570,41820,52120,42060,58430,73570,1,1,1,1,1,1,1,1,1
M,0,20,E,E4,105400,110400,65180,107400,56520,26020,24300,34490,44170,34890,49250,62190,48700,68020,86390,1,1,1,1,1,1,1,1,1
M,0,20,E,E5,65140,62930,36710,55160,28360,12950,29220,42300,53600,43610,60160,75450,62860,82550,103200,1,1,1,1,1,1,1,1,1
M,0,20,E,E6,14090,12980,6551,10080,6211,2769,38230,49080,55370,56180,69060,79440,80250,95580,109300,1,1,1,1,1,1,1,1,1
M,0,20,E,E7-E9,19410,16960,10180,10880,7358,4376,45460,54890,59420,67030,77170,83890,92160,103900,111200,1,1,1,1,1,1,1,1,1
M,2002,2,X,E1-E9,21980,26950,26610,15590,10610,10990,25090,36700,44430,36260,52520,63780,51650,73330,91360,1,1,1,1,1,1,1,1,1
M,2004,2,X,E1-E9,26000,26400,29310,15550,15150,12220,25300,37870,44560,37220,54540,64380,53850,77270,91650,1,1,1,1,1,1,1,1,1
M,2006,2,X,E1-E9,26240,26500,30230,16770,16530,12730,25850,36570,46330,38620,53690,66390,56970,77780,93590,1,1,1,1,1,1,1,1,1
M,2008,2,X,E1-E9,14680,23480,26370,22550,13630,10870,26790,33560,45910,40440,49900,66230,62280,72590,93340,1,1,1,1,1,1,1,1,1
M,2010,2,X,E1-E9,17020,30730,32490,30510,16850,15110,25530,33600,45050,37890,48800,64480,59890,69380,90530,1,1,1,1,1,1,1,1,1
M,2012,2,X,E1-E9,23920,36900,,32090,19170,,24910,35590,,36570,51740,,54520,72230,,1,1,-1,1,1,-1,1,1,-1
M,2014,2,X,E1-E9,27650,37680,,28260,18280,,25790,38250,,37850,55330,,55140,77480,,1,1,-1,1,1,-1,1,1,-1
M,2016,2,X,E1-E9,27200,34770,,24150,16610,,25950,37590,,38780,54430,,56470,76100,,1,1,-1,1,1,-1,1,1,-1
M,2018,2,X,E1-E9,27370,,,22060,,,27500,,,41260,,,60730,,,1,-1,-1,1,-1,-1,1,-1,-1
M,2020,2,X,E1-E9,31020,,,21800,,,26930,,,39760,,,57070,,,1,-1,-1,1,-1,-1,1,-1,-1
N,0,20,X,E1-E9,307000,320800,220200,296300,180200,104700,27600,36210,43160,43530,54380,63940,68190,79690,92790,1,1,1,1,1,1,1,1,1
N,0,20,E,E1,3422,3439,2632,4568,3065,1949,18760,23150,27830,24400,32410,40330,33090,45170,57580,1,1,1,1,1,1,1,1,1
N,0,20,E,E2,7203,7147,4966,8851,6077,3796,19600,24220,28920,26060,34470,42730,35700,48730,61220,1,1,1,1,1,1,1,1,1
N,0,20,E,E3,40850,45210,30470,56630,35390,19140,20440,26560,32460,27980,38290,47180,38860,53710,67350,1,1,1,1,1,1,1,1,1
N,0,20,E,E4,69660,81830,58790,88680,52500,28810,23440,31890,39410,34010,46170,56820,48840,64750,80890,1,1,1,1,1,1,1,1,1
N,0,20,E,E5,78530,83690,55760,79630,44070,23850,30030,40080,48160,46540,58470,70380,68670,82720,98820,1,1,1,1,1,1,1,1,1
N,0,20,E,E6,57180,54500,37520,33560,22690,15660,39100,47170,50610,57950,66610,71590,82240,92930,100300,1,1,1,1,1,1,1,1,1
N,0,20,E,E7-E9,50180,45030,30030,24390,16440,11500,48210,57250,62040,69820,79650,87080,93800,104200,111900,1,1,1,1,1,1,1,1,1
N,2002,2,X,E1-E9,32830,40060,38660,25380,18130,19580,26490,35790,41870,40330,53160,62270,61060,76670,91060,1,1,1,1,1,1,1,1,1
N,2004,2,X,E1-E9,41400,42350,46270,30760,29740,25890,25340,36800,41520,39030,54510,61660,59430,79260,90010,1,1,1,1,1,1,1,1,1
N,2006,2,X,E1-E9,45700,46040,51950,28270,27980,22050,27280,36630,43100,42310,54960,63710,64530,81050,92580,1,1,1,1,1,1,1,1,1
N,2008,2,X,E1-E9,27610,39570,43590,34250,22360,18190,30510,35110,44790,48470,53150,66140,74250,79430,95210,1,1,1,1,1,1,1,1,1
N,2010,2,X,E1-E9,22920,38090,39700,35820,20620,19000,29060,34760,45080,46320,52480,66130,72540,76970,94840,1,1,1,1,1,1,1,1,1
N,2012,2,X,E1-E9,27170,41550,,36390,22000,,27610,36030,,43590,53850,,68700,78150,,1,1,-1,1,1,-1,1,1,-1
N,2014,2,X,E1-E9,25290,35030,,28840,19090,,27240,37410,,43470,56890,,68160,83230,,1,1,-1,1,1,-1,1,1,-1
N,2016,2,X,E1-E9,29500,38160,,28960,20330,,27140,37410,,43550,56710,,69110,83050,,1,1,-1,1,1,-1,1,1,-1
N,2018,2,X,E1-E9,26030,,,23690,,,29640,,,49310,,,76750,,,1,-1,-1,1,-1,-1,1,-1,-1
N,2020,2,X,E1-E9,28590,,,23970,,,28810,,,46690,,,74360,,,1,-1,-1,1,-1,-1,1,-1,-1
A,2002,2,E,E1,4185,5552,5148,6189,4825,5238,18070,22420,25750,23700,31670,37480,31730,44170,53580,1,1,1,1,1,1,1,1,1
A,2002,2,E,E2,4280,5902,5541,6509,4879,5251,18340,22700,26620,24020,31860,38520,32280,44480,54470,1,1,1,1,1,1,1,1,1
A,2002,2,E,E3,5666,7644,7143,7970,5997,6477,19300,24200,28860,25780,34780,42060,35140,48120,59720,1,1,1,1,1,1,1,1,1
A,2002,2,E,E4,18310,24250,24040,20050,14150,14320,22340,30310,36540,31470,43940,52380,43350,60120,73490,1,1,1,1,1,1,1,1,1
A,2002,2,E,E5,8744,11060,11110,7866,5534,5499,27700,39470,46570,39700,54460,65710,54990,74690,91860,1,1,1,1,1,1,1,1,1
A,2002,2,E,E6,3824,4208,4071,2477,2077,2226,34020,45250,48260,46920,60060,66990,64670,83240,95460,1,1,1,1,1,1,1,1,1
A,2002,2,E,E7-E9,7382,7776,7239,3258,2858,3387,39730,50470,53770,55410,69120,76660,76560,93750,104000,1,1,1,1,1,1,1,1,1
A,2004,2,E,E1,4759,4117,5296,5510,6145,4975,17770,23240,26170,23650,31790,37770,32230,44790,55020,1,1,1,1,1,1,1,1,1
A,2004,2,E,E2,4689,4108,5266,5169,5745,4591,17900,24130,26830,23870,33140,38770,32720,45990,55530,1,1,1,1,1,1,1,1,1
A,2004,2,E,E3,5968,5658,6762,6609,6898,5787,18840,25800,30060,25870,36480,43780,36550,51090,61840,1,1,1,1,1,1,1,1,1
A,2004,2,E,E4,24140,24350,27790,21160,20980,17530,22120,32290,37090,32170,46180,53430,44860,63860,75860,1,1,1,1,1,1,1,1,1
A,2004,2,E,E5,13240,13770,14970,9431,8909,7726,27480,41380,46910,40450,57170,65340,57770,79750,91840,1,1,1,1,1,1,1,1,1
A,2004,2,E,E6,4889,4955,4874,2830,2778,2866,35890,47570,49400,49950,64010,68690,70020,90230,95620,1,1,1,1,1,1,1,1,1
A,2004,2,E,E7-E9,10650,10770,10070,3927,3814,4523,43820,55570,55520,60750,76150,77730,82220,103300,104200,1,1,1,1,1,1,1,1,1
A,2006,2,E,E1,3873,3642,4680,5880,6106,5041,18290,22380,25390,24090,30510,37690,33140,42550,54010,1,1,1,1,1,1,1,1,1
A,2006,2,E,E2,3013,3053,4057,4927,4901,3905,18540,22510,26300,24400,30370,37890,33370,42950,53640,1,1,1,1,1,1,1,1,1
A,2006,2,E,E3,3878,3812,4963,5430,5483,4347,19440,24570,29250,26720,34630,43000,37040,49470,60800,1,1,1,1,1,1,1,1,1
A,2006,2,E,E4,17810,17910,21420,16940,16850,13340,23100,31000,38380,32970,44930,54670,45880,63190,76430,1,1,1,1,1,1,1,1,1
A,2006,2,E,E5,12560,13060,14610,9823,9339,7771,27860,39830,47060,41560,55990,66450,58770,78870,93220,1,1,1,1,1,1,1,1,1
A,2006,2,E,E6,4569,4538,4522,3049,3074,3095,34960,45650,48590,49930,62760,68040,71200,90530,96190,1,1,1,1,1,1,1,1,1
A,2006,2,E,E7-E9,9223,9174,8644,3870,3928,4458,44490,54920,56470,61830,75290,78920,85500,100500,103700,1,1,1,1,1,1,1,1,1
A,2008,2,E,E1,2743,5054,6322,10290,7937,6687,19840,21610,26010,24470,29180,37860,31780,41410,54270,1,1,1,1,1,1,1,1,1
A,2008,2,E,E2,2325,4487,5533,7928,5732,4703,20030,22340,27330,25040,30510,39520,33320,42440,56070,1,1,1,1,1,1,1,1,1
A,2008,2,E,E3,2338,4554,5485,8067,5834,4909,20450,23390,29620,26920,32360,43160,37070,45490,60550,1,1,1,1,1,1,1,1,1
A,2008,2,E,E4,9954,17120,20020,23990,16820,13960,24490,28890,37930,34470,42110,54550,49250,59360,76430,1,1,1,1,1,1,1,1,1
A,2008,2,E,E5,8200,12310,13610,13040,8952,7625,29890,37240,48530,44460,52660,68370,65720,74590,95080,1,1,1,1,1,1,1,1,1
A,2008,2,E,E6,3672,4241,4373,3917,3346,3206,38610,42860,50300,55200,60520,72540,80900,87520,102500,1,1,1,1,1,1,1,1,1
A,2008,2,E,E7-E9,7818,7757,7477,3851,3891,4189,50600,52190,57240,69280,73150,79640,94770,97160,105000,1,1,1,1,1,1,1,1,1
A,2010,2,E,E1,3517,6177,6529,9412,6760,6401,19690,22860,27980,24620,31840,40600,32690,44080,57340,1,1,1,1,1,1,1,1,1
A,2010,2,E,E2,2655,4915,5257,6719,4463,4112,19740,23570,28950,24870,32620,41850,32810,45260,59030,1,1,1,1,1,1,1,1,1
A,2010,2,E,E3,3174,6172,6610,9074,6067,5613,20320,24620,30230,26490,34930,44420,36930,48160,62390,1,1,1,1,1,1,1,1,1
A,2010,2,E,E4,11980,23150,24760,31400,20250,18610,23430,29630,38460,33280,42540,54540,48230,59030,76470,1,1,1,1,1,1,1,1,1
A,2010,2,E,E5,7287,12180,12760,13440,8534,7971,28560,37070,47750,43000,52950,68250,67640,73460,95100,1,1,1,1,1,1,1,1,1
A,2010,2,E,E6,3363,4323,4414,5040,4076,3994,34560,39990,48930,52620,56840,70040,84660,82570,99570,1,1,1,1,1,1,1,1,1
A,2010,2,E,E7-E9,6944,7252,6856,4881,4558,4970,44490,47830,55360,66580,67790,77240,95980,93760,104300,1,1,1,1,1,1,1,1,1
A,2012,2,E,E1,4528,7181,,8484,5832,,19390,23750,,24700,33220,,32940,45650,,1,1,-1,1,1,-1,1,1,-1
A,2012,2,E,E2,3367,5477,,5994,3894,,19530,24120,,24770,33900,,33020,47490,,1,1,-1,1,1,-1,1,1,-1
A,2012,2,E,E3,4940,8098,,9353,6188,,20130,25810,,26470,36650,,36620,50030,,1,1,-1,1,1,-1,1,1,-1
A,2012,2,E,E4,22820,36890,,41390,27320,,22870,31130,,32010,44680,,45070,61690,,1,1,-1,1,1,-1,1,1,-1
A,2012,2,E,E5,10310,15160,,15740,10870,,26260,37260,,38490,52680,,56580,72200,,1,1,-1,1,1,-1,1,1,-1
A,2012,2,E,E6,4271,5323,,5934,4869,,29610,39640,,43990,56140,,67260,79310,,1,1,-1,1,1,-1,1,1,-1
A,2012,2,E,E7-E9,6091,6683,,5897,5291,,37360,46240,,54540,64610,,81200,88590,,1,1,-1,1,1,-1,1,1,-1
A,2014,2,E,E1,4758,6315,,6265,4715,,19340,24200,,24590,34430,,32570,47050,,1,1,-1,1,1,-1,1,1,-1
A,2014,2,E,E2,3379,4686,,4517,3196,,19320,24730,,24700,34970,,32990,48010,,1,1,-1,1,1,-1,1,1,-1
A,2014,2,E,E3,4234,5869,,5978,4396,,20840,27150,,28000,38820,,37230,53930,,1,1,-1,1,1,-1,1,1,-1
A,2014,2,E,E4,24580,34720,,33370,23210,,23520,33150,,33220,47660,,45920,65620,,1,1,-1,1,1,-1,1,1,-1
A,2014,2,E,E5,11550,15300,,13990,10260,,27640,39120,,40080,55240,,56250,76630,,1,1,-1,1,1,-1,1,1,-1
A,2014,2,E,E6,4952,6219,,6258,5022,,31490,41040,,45340,58290,,63480,81670,,1,1,-1,1,1,-1,1,1,-1
A,2014,2,E,E7-E9,6070,6792,,6078,5373,,37300,46950,,53080,65890,,75000,89900,,1,1,-1,1,1,-1,1,1,-1
A,2016,2,E,E1,4814,6113,,5574,4262,,19020,24220,,24660,34370,,33130,47180,,1,1,-1,1,1,-1,1,1,-1
A,2016,2,E,E2,3855,4920,,4195,3134,,19350,24760,,25060,34880,,33510,47700,,1,1,-1,1,1,-1,1,1,-1
A,2016,2,E,E3,4166,5190,,4654,3624,,20800,27490,,28150,39270,,38110,53870,,1,1,-1,1,1,-1,1,1,-1
A,2016,2,E,E4,23980,31600,,26540,18930,,24260,34080,,34980,48940,,48990,68140,,1,1,-1,1,1,-1,1,1,-1
A,2016,2,E,E5,10330,12560,,9747,7527,,29320,40560,,42850,57640,,60700,79220,,1,1,-1,1,1,-1,1,1,-1
A,2016,2,E,E6,5134,6141,,5371,4381,,32880,42080,,47870,59030,,68700,84050,,1,1,-1,1,1,-1,1,1,-1
A,2016,2,E,E7-E9,6794,7534,,6335,5580,,39180,47670,,55790,66870,,78740,89950,,1,1,-1,1,1,-1,1,1,-1
A,2018,2,E,E1,5858,,,6525,,,19040,,,25100,,,33490,,,1,-1,-1,1,-1,-1,1,-1,-1
A,2018,2,E,E2,4656,,,4951,,,19520,,,25900,,,35080,,,1,-1,-1,1,-1,-1,1,-1,-1
A,2018,2,E,E3,4631,,,5109,,,21000,,,29020,,,39990,,,1,-1,-1,1,-1,-1,1,-1,-1
A,2018,2,E,E4,20880,,,21440,,,24810,,,36080,,,51010,,,1,-1,-1,1,-1,-1,1,-1,-1
A,2018,2,E,E5,9378,,,8414,,,31800,,,46690,,,66340,,,1,-1,-1,1,-1,-1,1,-1,-1
A,2018,2,E,E6,4121,,,3985,,,36780,,,52860,,,76880,,,1,-1,-1,1,-1,-1,1,-1,-1
A,2018,2,E,E7-E9,6037,,,5323,,,43090,,,62290,,,87390,,,1,-1,-1,1,-1,-1,1,-1,-1
A,2020,2,E,E1,4219,,,3740,,,19170,,,25860,,,35730,,,1,-1,-1,1,-1,-1,1,-1,-1
A,2020,2,E,E2,3471,,,3127,,,19020,,,26150,,,35650,,,1,-1,-1,1,-1,-1,1,-1,-1
A,2020,2,E,E3,4409,,,4278,,,20280,,,28220,,,39010,,,1,-1,-1,1,-1,-1,1,-1,-1
A,2020,2,E,E4,20260,,,18870,,,24250,,,34810,,,48550,,,1,-1,-1,1,-1,-1,1,-1,-1
A,2020,2,E,E5,10240,,,8853,,,29370,,,42880,,,60240,,,1,-1,-1,1,-1,-1,1,-1,-1
A,2020,2,E,E6,4004,,,3732,,,34190,,,49890,,,72660,,,1,-1,-1,1,-1,-1,1,-1,-1
A,2020,2,E,E7-E9,5389,,,5072,,,41270,,,61220,,,85920,,,1,-1,-1,1,-1,-1,1,-1,-1
C,2002,2,E,E1,,,,,,,,,,,,,,,,-1,-1,-1,5,5,5,-1,-1,-1
C,2002,2,E,E2,83,110,84,58,50,61,18140,28950,33950,23850,36830,43210,28550,55950,56070,1,1,1,1,1,1,1,1,1
C,2002,2,E,E3,205,236,240,150,126,117,23040,29310,33530,30950,40170,52410,40290,53330,75490,1,1,1,1,1,1,1,1,1
C,2002,2,E,E4,785,933,976,619,456,411,24280,35560,42540,35500,49870,61660,48430,68960,86050,1,1,1,1,1,1,1,1,1
C,2002,2,E,E5,510,673,721,444,302,280,27000,42370,51200,41430,60720,73700,54120,79620,102700,1,1,1,1,1,1,1,1,1
C,2002,2,E,E6,398,397,403,212,210,213,32040,41050,46830,47900,57970,66870,68860,80600,93750,1,1,1,1,1,1,1,1,1
C,2002,2,E,E7-E9,473,504,494,266,240,248,36320,45660,49440,51690,66400,72110,68780,85910,93830,1,1,1,1,1,1,1,1,1
C,2004,2,E,E1,,,,,,,,,,,,,,,,-1,-1,-1,5,5,5,-1,-1,-1
C,2004,2,E,E2,57,,81,,,,21360,,36360,30150,,50120,44400,,75230,1,5,1,5,5,5,1,5,1
C,2004,2,E,E3,198,174,240,135,155,125,19570,32590,33150,26050,45960,45960,33860,60450,73110,1,1,1,1,1,1,1,1,1
C,2004,2,E,E4,951,1007,1172,663,642,490,22920,35470,41350,33020,50850,59450,47290,68370,84500,1,1,1,1,1,1,1,1,1
C,2004,2,E,E5,610,658,721,475,404,344,28090,40620,52190,41840,59240,71880,59180,80570,98250,1,1,1,1,1,1,1,1,1
C,2004,2,E,E6,366,382,366,231,212,226,36440,45110,48160,52080,65120,67610,69340,85150,95970,1,1,1,1,1,1,1,1,1
C,2004,2,E,E7-E9,447,473,450,223,213,236,37990,46400,47990,53860,65500,68520,72930,87700,90940,1,1,1,1,1,1,1,1,1
C,2006,2,E,E1,,,,,,,,,,,,,,,,5,5,5,5,5,5,5,5,5
C,2006,2,E,E2,,60,54,,,,,23850,28950,,36680,41770,,59240,57970,5,1,1,5,5,5,5,1,1
C,2006,2,E,E3,205,202,246,131,140,110,20430,30870,40990,29080,43400,57370,40090,62920,79550,1,1,1,1,1,1,1,1,1
C,2006,2,E,E4,960,1000,1165,659,633,460,25970,34540,42950,36700,50250,62020,51200,74130,86400,1,1,1,1,1,1,1,1,1
C,2006,2,E,E5,646,699,779,483,430,344,30440,42230,53990,46370,62230,75830,63290,86290,107600,1,1,1,1,1,1,1,1,1
C,2006,2,E,E6,398,380,381,218,207,196,34360,40980,49180,51030,63260,70230,72420,89040,96550,1,1,1,1,1,1,1,1,1
C,2006,2,E,E7-E9,550,558,520,309,320,340,38280,47070,51150,54660,67550,74430,74960,90870,98170,1,1,1,1,1,1,1,1,1
C,2008,2,E,E1,,,,,,,,,,,,,,,,-1,-1,-1,5,5,5,-1,-1,-1
C,2008,2,E,E2,,54,58,52,,,,27600,32120,,35590,46960,,54810,74960,5,1,1,1,5,5,5,1,1
C,2008,2,E,E3,93,139,154,170,103,86,20970,27760,37040,27840,40860,56020,41950,51550,78200,1,1,1,1,1,1,1,1,1
C,2008,2,E,E4,459,700,796,684,426,349,25410,33770,41430,36310,48060,62460,51550,69240,91370,1,1,1,1,1,1,1,1,1
C,2008,2,E,E5,452,645,768,590,371,276,32120,42110,51860,49410,62000,75970,66750,85520,104100,1,1,1,1,1,1,1,1,1
C,2008,2,E,E6,311,371,358,249,192,186,37680,45190,54520,57130,66280,79980,78480,92160,109000,1,1,1,1,1,1,1,1,1
C,2008,2,E,E7-E9,439,497,473,331,301,310,40300,44760,48280,59160,62860,71360,81150,87470,96080,1,1,1,1,1,1,1,1,1
C,2010,2,E,E1,,,,,,,,,,,,,,,,5,5,5,5,5,5,5,5,5
C,2010,2,E,E2,,76,51,63,,,,32280,28570,,46320,43210,,73110,74350,5,1,1,1,5,5,5,1,1
C,2010,2,E,E3,135,203,220,207,133,117,21900,31580,42750,28810,42980,55860,40220,57130,80710,1,1,1,1,1,1,1,1,1
C,2010,2,E,E4,467,974,1015,1013,521,454,24340,32290,43970,33370,47900,64560,46660,68880,92600,1,1,1,1,1,1,1,1,1
C,2010,2,E,E5,354,654,662,662,351,355,29260,38200,53430,47240,58000,74170,63680,82620,104500,1,1,1,1,1,1,1,1,1
C,2010,2,E,E6,270,362,342,283,208,221,30270,41450,47390,45530,60340,70730,65940,81040,99760,1,1,1,1,1,1,1,1,1
C,2010,2,E,E7-E9,437,474,460,352,272,333,36520,41680,47980,54700,61700,71480,78860,84430,97000,1,1,1,1,1,1,1,1,1
C,2012,2,E,E1,,,,,,,,,,,,,,,,-1,-1,-1,5,5,-1,-1,-1,-1
C,2012,2,E,E2,,,,,,,,,,,,,,,,5,5,-1,5,5,-1,5,5,-1
C,2012,2,E,E3,123,176,,170,103,,20960,31200,,30030,41190,,37500,53600,,1,1,-1,1,1,-1,1,1,-1
C,2012,2,E,E4,503,807,,738,446,,25070,37120,,36910,56090,,54030,77850,,1,1,-1,1,1,-1,1,1,-1
C,2012,2,E,E5,405,583,,498,307,,30290,43510,,42420,62440,,58380,86260,,1,1,-1,1,1,-1,1,1,-1
C,2012,2,E,E6,270,336,,273,203,,32860,46230,,47980,62620,,67730,84210,,1,1,-1,1,1,-1,1,1,-1
C,2012,2,E,E7-E9,460,509,,373,328,,38060,46080,,52690,62190,,72580,86540,,1,1,-1,1,1,-1,1,1,-1
C,2014,2,E,E1,,,,,,,,,,,,,,,,-1,-1,-1,5,5,-1,-1,-1,-1
C,2014,2,E,E2,,,,,,,,,,,,,,,,5,5,-1,5,5,-1,5,5,-1
C,2014,2,E,E3,79,87,,79,58,,21290,38160,,31090,52730,,46320,70240,,1,1,-1,1,1,-1,1,1,-1
C,2014,2,E,E4,413,592,,531,351,,29010,37310,,42240,58990,,58220,79750,,1,1,-1,1,1,-1,1,1,-1
C,2014,2,E,E5,313,424,,358,243,,33140,43720,,47880,63240,,64140,85890,,1,1,-1,1,1,-1,1,1,-1
C,2014,2,E,E6,291,323,,244,199,,35030,40750,,50580,60230,,69420,83770,,1,1,-1,1,1,-1,1,1,-1
C,2014,2,E,E7-E9,570,620,,419,369,,36970,49200,,53420,66840,,74150,89210,,1,1,-1,1,1,-1,1,1,-1
C,2016,2,E,E1,,,,,,,,,,,,,,,,5,5,-1,5,5,-1,5,5,-1
C,2016,2,E,E2,,,,,,,,,,,,,,,,5,5,-1,5,5,-1,5,5,-1
C,2016,2,E,E3,97,122,,87,69,,22810,27840,,32720,39100,,53600,62060,,1,1,-1,1,1,-1,1,1,-1
C,2016,2,E,E4,502,689,,548,380,,26400,38130,,41490,57950,,55550,80250,,1,1,-1,1,1,-1,1,1,-1
C,2016,2,E,E5,512,612,,431,323,,31180,45240,,46750,67000,,64870,89960,,1,1,-1,1,1,-1,1,1,-1
C,2016,2,E,E6,266,297,,221,188,,38950,45940,,53090,63460,,70620,85420,,1,1,-1,1,1,-1,1,1,-1
C,2016,2,E,E7-E9,380,415,,316,268,,42990,47770,,58780,64630,,79090,91790,,1,1,-1,1,1,-1,1,1,-1
C,2018,2,E,E1,,,,,,,,,,,,,,,,5,-1,-1,5,-1,-1,5,-1,-1
C,2018,2,E,E2,52,,,,,,25920,,,34790,,,45240,,,1,-1,-1,5,-1,-1,1,-1,-1
C,2018,2,E,E3,150,,,121,,,22580,,,34610,,,45060,,,1,-1,-1,1,-1,-1,1,-1,-1
C,2018,2,E,E4,594,,,605,,,29060,,,42980,,,61400,,,1,-1,-1,1,-1,-1,1,-1,-1
C,2018,2,E,E5,594,,,536,,,35000,,,51090,,,72980,,,1,-1,-1,1,-1,-1,1,-1,-1
C,2018,2,E,E6,236,,,246,,,42540,,,62060,,,79880,,,1,-1,-1,1,-1,-1,1,-1,-1
C,2018,2,E,E7-E9,427,,,349,,,43110,,,62060,,,84000,,,1,-1,-1,1,-1,-1,1,-1,-1
C,2020,2,E,E1,,,,,,,,,,,,,,,,5,-1,-1,5,-1,-1,5,-1,-1
C,2020,2,E,E2,,,,,,,,,,,,,,,,5,-1,-1,5,-1,-1,5,-1,-1
C,2020,2,E,E3,172,,,139,,,23300,,,34420,,,48470,,,1,-1,-1,1,-1,-1,1,-1,-1
C,2020,2,E,E4,803,,,657,,,27890,,,41980,,,57180,,,1,-1,-1,1,-1,-1,1,-1,-1
C,2020,2,E,E5,557,,,544,,,30270,,,49350,,,66530,,,1,-1,-1,1,-1,-1,1,-1,-1
C,2020,2,E,E6,348,,,330,,,36260,,,52690,,,70950,,,1,-1,-1,1,-1,-1,1,-1,-1
C,2020,2,E,E7-E9,486,,,457,,,42910,,,61650,,,79550,,,1,-1,-1,1,-1,-1,1,-1,-1
F,2002,2,E,E1,781,985,935,769,587,636,18230,24520,28420,24110,34150,42600,32180,46410,59480,1,1,1,1,1,1,1,1,1
F,2002,2,E,E2,830,1129,1066,954,683,741,18600,24440,28740,24190,34110,41470,32590,46160,57680,1,1,1,1,1,1,1,1,1
F,2002,2,E,E3,2068,2775,2573,2512,1810,2004,19570,25000,30750,26480,36990,45060,36410,51080,63510,1,1,1,1,1,1,1,1,1
F,2002,2,E,E4,5871,8155,8202,5976,3682,3655,24350,35930,44810,35970,51770,64110,51470,71630,89720,1,1,1,1,1,1,1,1,1
F,2002,2,E,E5,3797,4609,4667,3218,2398,2363,33550,45240,52750,48950,63740,75380,70400,88600,105300,1,1,1,1,1,1,1,1,1
F,2002,2,E,E6,3711,4046,3875,1738,1393,1565,35640,46410,50030,51600,63970,69690,72530,86160,94370,1,1,1,1,1,1,1,1,1
F,2002,2,E,E7-E9,8728,9660,9240,3584,2646,3088,44000,56590,62700,63530,77660,86060,86640,102000,111000,1,1,1,1,1,1,1,1,1
F,2004,2,E,E1,992,901,1119,770,850,678,19240,26320,30610,25860,36400,44520,35260,50610,64570,1,1,1,1,1,1,1,1,1
F,2004,2,E,E2,1296,1161,1408,955,1088,844,18810,25240,30010,25900,36700,43900,35790,52520,62950,1,1,1,1,1,1,1,1,1
F,2004,2,E,E3,4129,4046,4831,3501,3593,2820,19750,29400,34820,27870,42610,52170,39820,61810,75890,1,1,1,1,1,1,1,1,1
F,2004,2,E,E4,9692,10500,11980,7597,6820,5332,23210,37620,43820,35090,53950,63090,51280,74810,88700,1,1,1,1,1,1,1,1,1
F,2004,2,E,E5,7091,7696,8202,4464,3862,3343,32580,47520,54230,48780,67050,76070,69830,91690,105000,1,1,1,1,1,1,1,1,1
F,2004,2,E,E6,4575,4626,4514,1995,1939,2041,38080,48600,49760,54210,67300,69760,74760,91670,95700,1,1,1,1,1,1,1,1,1
F,2004,2,E,E7-E9,11220,11660,11220,3889,3443,3886,47400,61410,64440,66740,82980,87000,90070,107900,111300,1,1,1,1,1,1,1,1,1
F,2006,2,E,E1,883,781,878,568,638,540,20420,24120,30770,28270,35280,45130,38660,51100,67360,1,1,1,1,1,1,1,1,1
F,2006,2,E,E2,861,845,1029,693,699,531,19780,25210,30820,26730,35450,44700,38050,51350,62770,1,1,1,1,1,1,1,1,1
F,2006,2,E,E3,2242,2210,2741,2032,2046,1536,21080,27110,33380,29310,38420,48440,40330,54490,69240,1,1,1,1,1,1,1,1,1
F,2006,2,E,E4,10670,11290,13050,7716,7077,5331,26180,36540,45210,38620,54180,64970,56260,76950,91760,1,1,1,1,1,1,1,1,1
F,2006,2,E,E5,8674,9023,9716,5103,4732,4056,33910,46680,53460,50810,66620,75950,71250,92240,104800,1,1,1,1,1,1,1,1,1
F,2006,2,E,E6,4571,4579,4518,2026,2014,2081,38510,48600,51020,54870,66890,71720,75010,89750,96270,1,1,1,1,1,1,1,1,1
F,2006,2,E,E7-E9,10620,10920,10570,3662,3349,3719,46320,58740,62720,65290,78260,84860,87120,100900,108700,1,1,1,1,1,1,1,1,1
F,2008,2,E,E1,440,707,778,775,540,441,20040,25060,30440,24770,34710,45120,32280,48940,62500,1,1,1,1,1,1,1,1,1
F,2008,2,E,E2,421,733,829,864,582,476,20430,24920,31260,26150,34760,45690,36020,48280,64370,1,1,1,1,1,1,1,1,1
F,2008,2,E,E3,1183,1963,2320,2460,1673,1326,21230,24960,33780,28350,36540,49130,41520,54290,70660,1,1,1,1,1,1,1,1,1
F,2008,2,E,E4,5204,8039,9149,7806,4973,3889,28000,34540,45610,42720,51260,65310,63880,72600,92470,1,1,1,1,1,1,1,1,1
F,2008,2,E,E5,5752,7506,8007,5949,4180,3681,38980,44940,55040,58250,64790,78130,81040,90940,107300,1,1,1,1,1,1,1,1,1
F,2008,2,E,E6,2563,2831,2842,1759,1505,1486,42050,46810,52780,62060,65640,74540,86070,92230,99930,1,1,1,1,1,1,1,1,1
F,2008,2,E,E7-E9,7626,8216,7970,3238,2657,2901,51820,57920,65250,73160,77470,87040,96040,100000,110400,1,1,1,1,1,1,1,1,1
F,2010,2,E,E1,717,1073,1035,1025,636,649,20360,24460,31860,25780,34350,46480,35140,49290,63510,1,1,1,1,1,1,1,1,1
F,2010,2,E,E2,781,1284,1316,1292,783,767,20750,24970,31630,27030,35170,47120,38800,49480,65560,1,1,1,1,1,1,1,1,1
F,2010,2,E,E3,1503,2780,2946,3244,1971,1809,21010,26430,34500,28360,38050,49760,42230,53030,71550,1,1,1,1,1,1,1,1,1
F,2010,2,E,E4,3913,7385,8096,8115,4643,3924,25540,34560,45500,39250,49690,65950,63570,69270,92500,1,1,1,1,1,1,1,1,1
F,2010,2,E,E5,4224,6192,6352,5671,3721,3511,34990,42180,53930,55170,60720,75740,81200,84790,105000,1,1,1,1,1,1,1,1,1
F,2010,2,E,E6,2162,2582,2550,1899,1487,1518,37560,44720,51550,58490,63170,74500,83420,88570,101700,1,1,1,1,1,1,1,1,1
F,2010,2,E,E7-E9,9113,10180,9905,4916,3868,4145,46380,54480,62720,67890,75490,84850,89810,97220,109000,1,1,1,1,1,1,1,1,1
F,2012,2,E,E1,572,812,,659,450,,19870,26070,,25480,37370,,34550,52570,,1,1,-1,1,1,-1,1,1,-1
F,2012,2,E,E2,818,1225,,1030,627,,20270,26950,,26510,38130,,35590,52660,,1,1,-1,1,1,-1,1,1,-1
F,2012,2,E,E3,2001,3130,,2989,1877,,20890,27870,,28680,39560,,39870,56160,,1,1,-1,1,1,-1,1,1,-1
F,2012,2,E,E4,5260,8817,,8836,5267,,24380,34490,,35640,50390,,52720,70480,,1,1,-1,1,1,-1,1,1,-1
F,2012,2,E,E5,4636,6735,,6605,4532,,31400,41670,,46440,59140,,67880,82130,,1,1,-1,1,1,-1,1,1,-1
F,2012,2,E,E6,2388,2878,,2415,1914,,34690,43540,,49520,61530,,72860,84730,,1,1,-1,1,1,-1,1,1,-1
F,2012,2,E,E7-E9,6130,7061,,4242,3314,,43170,53850,,62780,74200,,85690,96990,,1,1,-1,1,1,-1,1,1,-1
F,2014,2,E,E1,492,561,,382,323,,20920,27110,,28390,40660,,37160,56600,,1,1,-1,1,1,-1,1,1,-1
F,2014,2,E,E2,821,953,,648,512,,20660,28090,,27600,39780,,38080,55230,,1,1,-1,1,1,-1,1,1,-1
F,2014,2,E,E3,1850,2405,,2031,1504,,21830,30520,,29940,43650,,42250,61150,,1,1,-1,1,1,-1,1,1,-1
F,2014,2,E,E4,6943,10030,,8945,5861,,25900,37250,,38840,54580,,55740,76850,,1,1,-1,1,1,-1,1,1,-1
F,2014,2,E,E5,7499,9853,,7971,5608,,33100,45870,,48930,64290,,68910,87680,,1,1,-1,1,1,-1,1,1,-1
F,2014,2,E,E6,3302,3884,,2929,2353,,37250,47490,,53800,65760,,74210,88480,,1,1,-1,1,1,-1,1,1,-1
F,2014,2,E,E7-E9,6801,7634,,4282,3454,,44860,57430,,63820,77630,,86080,101500,,1,1,-1,1,1,-1,1,1,-1
F,2016,2,E,E1,390,445,,305,254,,21810,25940,,30170,37370,,40040,56000,,1,1,-1,1,1,-1,1,1,-1
F,2016,2,E,E2,584,712,,534,391,,21420,27600,,29080,39890,,38740,53790,,1,1,-1,1,1,-1,1,1,-1
F,2016,2,E,E3,1359,1664,,1398,1074,,21400,29830,,30340,42900,,44230,63000,,1,1,-1,1,1,-1,1,1,-1
F,2016,2,E,E4,6281,8693,,7299,4912,,27380,38480,,41540,55460,,61780,77920,,1,1,-1,1,1,-1,1,1,-1
F,2016,2,E,E5,6255,7911,,6090,4426,,36220,46840,,55370,66530,,76920,90950,,1,1,-1,1,1,-1,1,1,-1
F,2016,2,E,E6,2427,2803,,2209,1837,,39970,49480,,58980,69090,,82930,93350,,1,1,-1,1,1,-1,1,1,-1
F,2016,2,E,E7-E9,5492,6147,,3494,2848,,50570,60060,,73280,82690,,95810,107100,,1,1,-1,1,1,-1,1,1,-1
F,2018,2,E,E1,475,,,337,,,20750,,,29200,,,38630,,,1,-1,-1,1,-1,-1,1,-1,-1
F,2018,2,E,E2,789,,,645,,,21210,,,29050,,,41100,,,1,-1,-1,1,-1,-1,1,-1,-1
F,2018,2,E,E3,1495,,,1686,,,21980,,,32070,,,45140,,,1,-1,-1,1,-1,-1,1,-1,-1
F,2018,2,E,E4,6360,,,7082,,,28950,,,44510,,,66370,,,1,-1,-1,1,-1,-1,1,-1,-1
F,2018,2,E,E5,6593,,,6138,,,39010,,,58730,,,82500,,,1,-1,-1,1,-1,-1,1,-1,-1
F,2018,2,E,E6,2804,,,2378,,,45830,,,68380,,,92860,,,1,-1,-1,1,-1,-1,1,-1,-1
F,2018,2,E,E7-E9,5605,,,3443,,,57740,,,81460,,,105600,,,1,-1,-1,1,-1,-1,1,-1,-1
F,2020,2,E,E1,336,,,283,,,19910,,,28170,,,36970,,,1,-1,-1,1,-1,-1,1,-1,-1
F,2020,2,E,E2,641,,,489,,,19920,,,28650,,,38150,,,1,-1,-1,1,-1,-1,1,-1,-1
F,2020,2,E,E3,1697,,,1995,,,21520,,,31070,,,43850,,,1,-1,-1,1,-1,-1,1,-1,-1
F,2020,2,E,E4,6682,,,8003,,,26300,,,40190,,,58820,,,1,-1,-1,1,-1,-1,1,-1,-1
F,2020,2,E,E5,5553,,,5748,,,35600,,,53740,,,76790,,,1,-1,-1,1,-1,-1,1,-1,-1
F,2020,2,E,E6,2544,,,2618,,,44610,,,63710,,,86710,,,1,-1,-1,1,-1,-1,1,-1,-1
F,2020,2,E,E7-E9,5550,,,3825,,,54840,,,78710,,,103600,,,1,-1,-1,1,-1,-1,1,-1,-1
M,2002,2,E,E1,245,310,290,255,183,204,20250,24790,31340,28040,34510,45990,36690,52350,68070,1,1,1,1,1,1,1,1,1
M,2002,2,E,E2,575,728,645,525,396,464,19590,26940,32510,26060,38740,45200,35240,54290,65020,1,1,1,1,1,1,1,1,1
M,2002,2,E,E3,3032,3800,3589,2676,1916,2132,21110,29130,34470,29430,42290,50440,39890,57720,71830,1,1,1,1,1,1,1,1,1
M,2002,2,E,E4,8504,10830,10810,6524,4201,4209,23760,34960,42510,33180,49110,59740,45060,67150,83960,1,1,1,1,1,1,1,1,1
M,2002,2,E,E5,6064,7492,7592,4092,2646,2557,26970,41880,52060,39090,58910,73390,54480,78640,100800,1,1,1,1,1,1,1,1,1
M,2002,2,E,E6,1237,1339,1318,580,457,497,36940,49280,53850,52840,69330,77460,73500,96630,111300,1,1,1,1,1,1,1,1,1
M,2002,2,E,E7-E9,2327,2453,2370,933,813,923,40410,51660,56170,57520,70980,78800,79390,98630,108700,1,1,1,1,1,1,1,1,1
M,2004,2,E,E1,321,299,333,254,279,239,19960,26080,29140,28440,38830,42430,40520,55640,64240,1,1,1,1,1,1,1,1,1
M,2004,2,E,E2,751,662,803,559,644,502,20280,26930,31580,28970,37700,46710,39290,52930,67620,1,1,1,1,1,1,1,1,1
M,2004,2,E,E3,3788,3545,4114,2737,2965,2372,20940,29330,35490,29680,42390,50580,40300,59440,71680,1,1,1,1,1,1,1,1,1
M,2004,2,E,E4,10830,11120,12770,6894,6611,4944,23900,35940,43330,34240,50600,61310,47000,69590,85590,1,1,1,1,1,1,1,1,1
M,2004,2,E,E5,6293,6684,7320,3596,3232,2597,27980,43580,53300,41650,61540,74440,59580,83780,102000,1,1,1,1,1,1,1,1,1
M,2004,2,E,E6,1427,1450,1451,575,557,570,36960,51080,53850,53140,69830,75260,74520,95140,103800,1,1,1,1,1,1,1,1,1
M,2004,2,E,E7-E9,2583,2636,2519,935,866,991,43100,56810,58160,62510,80340,84200,89220,109900,114400,1,1,1,1,1,1,1,1,1
M,2006,2,E,E1,274,247,272,250,268,232,22190,24790,31790,31090,37820,44680,46130,52350,65850,1,1,1,1,1,1,1,1,1
M,2006,2,E,E2,637,584,693,590,651,518,19350,24900,30120,27100,35500,46330,36760,49820,63900,1,1,1,1,1,1,1,1,1
M,2006,2,E,E3,3364,3088,3778,2559,2841,2164,21890,28760,37400,30650,41760,52260,42590,59630,73530,1,1,1,1,1,1,1,1,1
M,2006,2,E,E4,10870,10960,12970,7316,7215,5191,24260,34030,44360,34980,49150,62660,48960,68790,86840,1,1,1,1,1,1,1,1,1
M,2006,2,E,E5,7643,8198,9171,4712,4169,3199,29300,42330,54410,43490,59730,76170,62070,83810,103500,1,1,1,1,1,1,1,1,1
M,2006,2,E,E6,1433,1385,1439,621,664,600,38270,51180,57270,56710,73660,83560,79540,99170,110000,1,1,1,1,1,1,1,1,1
M,2006,2,E,E7-E9,2020,2038,1900,719,723,829,47310,58330,60240,70250,82350,85120,95140,109700,111200,1,1,1,1,1,1,1,1,1
M,2008,2,E,E1,127,160,220,289,209,196,20450,22980,32720,29900,32400,50700,40900,46960,72250,1,1,1,1,1,1,1,1,1
M,2008,2,E,E2,265,538,597,750,495,426,20980,25550,31910,28190,36790,46700,37100,52000,67380,1,1,1,1,1,1,1,1,1
M,2008,2,E,E3,1803,3463,4093,4443,2768,2166,22430,26940,36560,29950,38340,52750,41530,54880,74720,1,1,1,1,1,1,1,1,1
M,2008,2,E,E4,6013,10510,12020,10620,6087,4602,24520,31730,44880,34970,45860,62950,49490,64370,87400,1,1,1,1,1,1,1,1,1
M,2008,2,E,E5,3798,5946,6555,4987,2835,2242,29960,40210,54460,44840,57940,77190,66430,80400,105400,1,1,1,1,1,1,1,1,1
M,2008,2,E,E6,918,1086,1103,666,500,475,43340,50370,58900,61740,70480,83010,88710,97770,114000,1,1,1,1,1,1,1,1,1
M,2008,2,E,E7-E9,1751,1777,1790,796,739,758,55160,59150,63730,77360,80500,87310,103300,105100,110900,1,1,1,1,1,1,1,1,1
M,2010,2,E,E1,147,214,231,315,219,218,19320,27360,30850,25230,36710,44950,44350,47060,65770,1,1,1,1,1,1,1,1,1
M,2010,2,E,E2,394,717,760,861,542,513,21930,26300,34520,28330,38190,49740,38060,53840,70870,1,1,1,1,1,1,1,1,1
M,2010,2,E,E3,2695,5546,5986,6706,3885,3444,21890,27940,37650,30140,40060,53640,42210,56430,74780,1,1,1,1,1,1,1,1,1
M,2010,2,E,E4,7927,15640,16600,15740,8057,7078,24120,33140,45240,34150,47130,63470,49490,65000,87320,1,1,1,1,1,1,1,1,1
M,2010,2,E,E5,3396,5747,6067,5015,2683,2353,29980,40570,54030,46850,57840,76570,71390,80860,104800,1,1,1,1,1,1,1,1,1
M,2010,2,E,E6,934,1201,1240,933,648,627,38940,46190,54000,61120,64400,78380,91400,92650,108000,1,1,1,1,1,1,1,1,1
M,2010,2,E,E7-E9,1527,1659,1604,949,814,875,47000,53510,60650,71290,75410,85220,98430,101700,110300,1,1,1,1,1,1,1,1,1
M,2012,2,E,E1,160,220,,199,144,,20500,25260,,27570,35510,,37020,51530,,1,1,-1,1,1,-1,1,1,-1
M,2012,2,E,E2,457,739,,821,534,,19980,28160,,26570,39530,,38100,53490,,1,1,-1,1,1,-1,1,1,-1
M,2012,2,E,E3,3399,5552,,5778,3632,,21540,29410,,29050,42360,,40870,58550,,1,1,-1,1,1,-1,1,1,-1
M,2012,2,E,E4,11090,18520,,16440,9021,,23500,34420,,33200,49420,,47420,67800,,1,1,-1,1,1,-1,1,1,-1
M,2012,2,E,E5,5574,8062,,6269,3775,,28880,42290,,43430,59640,,63330,81580,,1,1,-1,1,1,-1,1,1,-1
M,2012,2,E,E6,1487,1886,,1411,1047,,35310,46600,,52090,65580,,77470,90840,,1,1,-1,1,1,-1,1,1,-1
M,2012,2,E,E7-E9,1748,1916,,1176,1012,,42790,51910,,62250,73480,,85600,98140,,1,1,-1,1,1,-1,1,1,-1
M,2014,2,E,E1,121,179,,166,128,,20450,25130,,26050,38140,,35100,59340,,1,1,-1,1,1,-1,1,1,-1
M,2014,2,E,E2,536,666,,553,404,,21190,27240,,27820,39580,,38330,53570,,1,1,-1,1,1,-1,1,1,-1
M,2014,2,E,E3,2870,4028,,3644,2481,,21720,29910,,29600,43280,,39890,60610,,1,1,-1,1,1,-1,1,1,-1
M,2014,2,E,E4,12160,17410,,13400,8158,,23530,36180,,33470,51390,,46530,70360,,1,1,-1,1,1,-1,1,1,-1
M,2014,2,E,E5,7520,10090,,7021,4439,,29260,43640,,42910,62320,,61680,84770,,1,1,-1,1,1,-1,1,1,-1
M,2014,2,E,E6,2342,2915,,1993,1452,,37020,49040,,53460,69180,,75530,95350,,1,1,-1,1,1,-1,1,1,-1
M,2014,2,E,E7-E9,2095,2403,,1485,1218,,43530,54610,,63620,77840,,85620,103600,,1,1,-1,1,1,-1,1,1,-1
M,2016,2,E,E1,136,166,,126,96,,19370,26990,,24880,42060,,33190,56070,,1,1,-1,1,1,-1,1,1,-1
M,2016,2,E,E2,578,681,,525,411,,20280,26870,,27330,37410,,36620,52150,,1,1,-1,1,1,-1,1,1,-1
M,2016,2,E,E3,3161,4017,,3149,2299,,22640,31190,,31790,44190,,43440,60460,,1,1,-1,1,1,-1,1,1,-1
M,2016,2,E,E4,11680,15410,,10900,7170,,24120,35310,,34900,50470,,48690,69390,,1,1,-1,1,1,-1,1,1,-1
M,2016,2,E,E5,8327,10710,,6970,4579,,29110,42880,,43610,61360,,62330,83660,,1,1,-1,1,1,-1,1,1,-1
M,2016,2,E,E6,1450,1716,,1149,886,,39630,49980,,57420,69830,,82430,97210,,1,1,-1,1,1,-1,1,1,-1
M,2016,2,E,E7-E9,1868,2074,,1335,1173,,45110,54770,,66890,76400,,90710,102300,,1,1,-1,1,1,-1,1,1,-1
M,2018,2,E,E1,110,,,117,,,23250,,,28490,,,37040,,,1,-1,-1,1,-1,-1,1,-1,-1
M,2018,2,E,E2,520,,,443,,,21270,,,29000,,,40740,,,1,-1,-1,1,-1,-1,1,-1,-1
M,2018,2,E,E3,3033,,,2712,,,22760,,,32350,,,44290,,,1,-1,-1,1,-1,-1,1,-1,-1
M,2018,2,E,E4,11660,,,9309,,,25650,,,37670,,,52640,,,1,-1,-1,1,-1,-1,1,-1,-1
M,2018,2,E,E5,9029,,,7224,,,30470,,,45850,,,66230,,,1,-1,-1,1,-1,-1,1,-1,-1
M,2018,2,E,E6,1305,,,1008,,,42170,,,63080,,,86090,,,1,-1,-1,1,-1,-1,1,-1,-1
M,2018,2,E,E7-E9,1714,,,1245,,,51660,,,75080,,,99490,,,1,-1,-1,1,-1,-1,1,-1,-1
M,2020,2,E,E1,127,,,119,,,20660,,,27950,,,41690,,,1,-1,-1,1,-1,-1,1,-1,-1
M,2020,2,E,E2,693,,,474,,,21980,,,30800,,,41360,,,1,-1,-1,1,-1,-1,1,-1,-1
M,2020,2,E,E3,4712,,,3266,,,22830,,,32570,,,44520,,,1,-1,-1,1,-1,-1,1,-1,-1
M,2020,2,E,E4,14660,,,10220,,,25740,,,37260,,,50840,,,1,-1,-1,1,-1,-1,1,-1,-1
M,2020,2,E,E5,7500,,,5271,,,31040,,,45920,,,64980,,,1,-1,-1,1,-1,-1,1,-1,-1
M,2020,2,E,E6,1555,,,1141,,,39600,,,59210,,,83650,,,1,-1,-1,1,-1,-1,1,-1,-1
M,2020,2,E,E7-E9,1772,,,1308,,,50230,,,72080,,,96060,,,1,-1,-1,1,-1,-1,1,-1,-1
N,2002,2,E,E1,373,526,499,568,413,457,17200,22060,26730,22420,31360,38510,30230,44050,56760,1,1,1,1,1,1,1,1,1
N,2002,2,E,E2,712,937,834,969,741,851,18800,23490,27510,24940,33290,40840,33010,47570,60400,1,1,1,1,1,1,1,1,1
N,2002,2,E,E3,2931,3896,3662,4047,3078,3310,19370,24620,29110,25760,35790,42950,35450,49630,61720,1,1,1,1,1,1,1,1,1
N,2002,2,E,E4,7243,9906,9696,7801,5144,5364,21920,30570,36620,31000,44390,53260,43620,61760,76960,1,1,1,1,1,1,1,1,1
N,2002,2,E,E5,7387,9617,9645,6288,4041,4036,26570,38400,46440,39950,55820,68510,58520,78710,97350,1,1,1,1,1,1,1,1,1
N,2002,2,E,E6,8357,8962,8424,3437,2847,3392,34930,45060,47580,49670,61740,66880,69530,84960,94630,1,1,1,1,1,1,1,1,1
N,2002,2,E,E7-E9,5830,6219,5903,2266,1865,2170,42070,52970,58290,61280,74510,82980,84630,99400,109800,1,1,1,1,1,1,1,1,1
N,2004,2,E,E1,403,326,454,375,444,316,18050,23290,27350,23740,32420,38860,32450,46940,56590,1,1,1,1,1,1,1,1,1
N,2004,2,E,E2,874,737,944,734,861,684,18170,23770,27920,24980,34060,41050,34780,47540,59620,1,1,1,1,1,1,1,1,1
N,2004,2,E,E3,5084,4899,5916,4924,5095,4119,19090,26740,30660,26230,37970,44630,36290,53130,64850,1,1,1,1,1,1,1,1,1
N,2004,2,E,E4,11310,11800,13630,10480,9989,8156,21690,31660,37630,31610,45570,54590,44480,64010,78370,1,1,1,1,1,1,1,1,1
N,2004,2,E,E5,8865,9478,10640,7793,7152,5988,25980,40080,46520,40210,57690,68220,59300,80980,96510,1,1,1,1,1,1,1,1,1
N,2004,2,E,E6,8239,8291,8153,3794,3753,3884,35460,46420,48630,50700,64270,68680,71320,88730,95870,1,1,1,1,1,1,1,1,1
N,2004,2,E,E7-E9,6623,6827,6539,2651,2441,2738,42950,55520,58680,62230,78140,84040,86330,105100,110000,1,1,1,1,1,1,1,1,1
N,2006,2,E,E1,429,442,583,560,539,415,18410,23030,28100,23750,31820,41150,31540,44360,58530,1,1,1,1,1,1,1,1,1
N,2006,2,E,E2,1005,962,1177,946,1007,776,19390,24380,29690,25710,34220,43610,35700,48550,62820,1,1,1,1,1,1,1,1,1
N,2006,2,E,E3,6454,6363,8037,5975,6069,4392,20320,25960,32410,28010,37770,46890,38620,53000,66710,1,1,1,1,1,1,1,1,1
N,2006,2,E,E4,11600,11700,14140,8388,8318,5859,23800,32050,40250,34750,46540,57560,49160,65430,81510,1,1,1,1,1,1,1,1,1
N,2006,2,E,E5,11130,11450,12960,6828,6514,5001,30160,40140,48060,45910,59200,70540,66490,84520,99160,1,1,1,1,1,1,1,1,1
N,2006,2,E,E6,8302,8229,8361,3286,3345,3213,37610,47230,51380,54560,65840,72130,76950,90840,100700,1,1,1,1,1,1,1,1,1
N,2006,2,E,E7-E9,6782,6894,6695,2286,2185,2392,47490,58170,63020,67740,80820,88290,91570,106400,112900,1,1,1,1,1,1,1,1,1
N,2008,2,E,E1,282,499,601,726,515,398,19550,23470,28640,24340,31840,41320,32590,45110,58350,1,1,1,1,1,1,1,1,1
N,2008,2,E,E2,465,847,999,1247,890,684,19690,23610,29160,24340,32760,42280,31810,47640,58460,1,1,1,1,1,1,1,1,1
N,2008,2,E,E3,2988,5634,6749,7376,4726,3582,21530,25340,34000,28700,36430,49000,39880,51160,68260,1,1,1,1,1,1,1,1,1
N,2008,2,E,E4,5538,9641,11230,10250,6152,4571,25420,30860,41560,35940,44640,59320,51270,62950,84070,1,1,1,1,1,1,1,1,1
N,2008,2,E,E5,6914,10250,11330,8597,5263,4175,32300,38880,50620,49880,57330,73350,71360,82830,102800,1,1,1,1,1,1,1,1,1
N,2008,2,E,E6,5865,6745,6859,3663,2797,2661,41150,45780,53310,60860,65470,75270,85290,93080,106100,1,1,1,1,1,1,1,1,1
N,2008,2,E,E7-E9,5553,5947,5827,2388,2013,2114,51380,57420,65270,73810,79660,89940,98410,103600,113800,1,1,1,1,1,1,1,1,1
N,2010,2,E,E1,269,489,495,601,368,363,19220,22780,28530,24090,30870,41120,33900,44600,55840,1,1,1,1,1,1,1,1,1
N,2010,2,E,E2,576,996,1012,1229,811,801,20390,23670,30610,26470,33410,45300,35720,48340,63420,1,1,1,1,1,1,1,1,1
N,2010,2,E,E3,2592,5643,6107,7262,4192,3736,20970,26010,35350,28390,37460,50880,38650,52640,71940,1,1,1,1,1,1,1,1,1
N,2010,2,E,E4,4273,9439,10100,10710,5528,4860,23560,31090,41290,34030,44600,59370,49040,62190,83130,1,1,1,1,1,1,1,1,1
N,2010,2,E,E5,5899,10530,11190,9933,5290,4649,30320,38510,49070,46420,55660,71010,68360,77570,98570,1,1,1,1,1,1,1,1,1
N,2010,2,E,E6,4569,5743,5723,3668,2501,2507,40250,46940,54680,60020,67120,78430,85560,94010,108600,1,1,1,1,1,1,1,1,1
N,2010,2,E,E7-E9,4744,5244,5066,2413,1927,2088,50040,57840,66140,72080,80050,89760,95850,103300,113200,1,1,1,1,1,1,1,1,1
N,2012,2,E,E1,275,399,,434,308,,19110,24390,,24340,34690,,33840,49000,,1,1,-1,1,1,-1,1,1,-1
N,2012,2,E,E2,584,950,,996,638,,19970,24650,,26600,35820,,35180,48810,,1,1,-1,1,1,-1,1,1,-1
N,2012,2,E,E3,3514,6363,,7176,4324,,20690,27120,,27700,39150,,39160,55120,,1,1,-1,1,1,-1,1,1,-1
N,2012,2,E,E4,5510,10390,,11050,6161,,23350,32140,,33320,46290,,48290,64590,,1,1,-1,1,1,-1,1,1,-1
N,2012,2,E,E5,7688,12040,,10080,5726,,29820,39460,,45800,57970,,68310,81360,,1,1,-1,1,1,-1,1,1,-1
N,2012,2,E,E6,5265,6539,,4059,2803,,38690,47680,,58060,67750,,82560,93720,,1,1,-1,1,1,-1,1,1,-1
N,2012,2,E,E7-E9,4332,4872,,2595,2044,,46400,57120,,67890,78800,,92070,102700,,1,1,-1,1,1,-1,1,1,-1
N,2014,2,E,E1,298,428,,369,263,,19230,24100,,23940,33980,,32520,44330,,1,1,-1,1,1,-1,1,1,-1
N,2014,2,E,E2,637,852,,805,588,,19850,24980,,26630,36000,,35310,51220,,1,1,-1,1,1,-1,1,1,-1
N,2014,2,E,E3,3551,5188,,5084,3448,,20540,28140,,27910,40320,,39200,56850,,1,1,-1,1,1,-1,1,1,-1
N,2014,2,E,E4,5568,8771,,8616,5428,,23140,32740,,33940,48040,,48880,68610,,1,1,-1,1,1,-1,1,1,-1
N,2014,2,E,E5,6927,10150,,8279,5051,,30080,42700,,46290,61570,,67710,85630,,1,1,-1,1,1,-1,1,1,-1
N,2014,2,E,E6,4357,5259,,3386,2457,,40560,50030,,61350,72520,,85770,101300,,1,1,-1,1,1,-1,1,1,-1
N,2014,2,E,E7-E9,3955,4380,,2305,1851,,49350,60800,,70160,83850,,91880,106200,,1,1,-1,1,1,-1,1,1,-1
N,2016,2,E,E1,283,330,,264,215,,19120,22970,,24900,33010,,32180,44730,,1,1,-1,1,1,-1,1,1,-1
N,2016,2,E,E2,727,866,,659,541,,19770,25730,,25590,35920,,35990,49940,,1,1,-1,1,1,-1,1,1,-1
N,2016,2,E,E3,5321,7225,,6349,4458,,20680,28390,,28670,40290,,39550,56750,,1,1,-1,1,1,-1,1,1,-1
N,2016,2,E,E4,7233,10190,,8740,5780,,23980,34570,,35240,49780,,50980,69780,,1,1,-1,1,1,-1,1,1,-1
N,2016,2,E,E5,7583,10170,,7633,5035,,31140,43300,,49350,63650,,72070,88180,,1,1,-1,1,1,-1,1,1,-1
N,2016,2,E,E6,4113,4727,,2820,2191,,44910,54080,,66980,76820,,91180,104800,,1,1,-1,1,1,-1,1,1,-1
N,2016,2,E,E7-E9,4238,4643,,2497,2110,,52190,62040,,72950,82790,,95640,105800,,1,1,-1,1,1,-1,1,1,-1
N,2018,2,E,E1,346,,,285,,,19590,,,28190,,,38240,,,1,-1,-1,1,-1,-1,1,-1,-1
N,2018,2,E,E2,658,,,557,,,20180,,,28260,,,40170,,,1,-1,-1,1,-1,-1,1,-1,-1
N,2018,2,E,E3,3986,,,4323,,,20620,,,28700,,,40640,,,1,-1,-1,1,-1,-1,1,-1,-1
N,2018,2,E,E4,5693,,,6669,,,25620,,,38330,,,56690,,,1,-1,-1,1,-1,-1,1,-1,-1
N,2018,2,E,E5,7691,,,7032,,,34420,,,54080,,,77020,,,1,-1,-1,1,-1,-1,1,-1,-1
N,2018,2,E,E6,3650,,,2467,,,50230,,,73080,,,95880,,,1,-1,-1,1,-1,-1,1,-1,-1
N,2018,2,E,E7-E9,4005,,,2355,,,58720,,,80100,,,103500,,,1,-1,-1,1,-1,-1,1,-1,-1
N,2020,2,E,E1,464,,,386,,,18730,,,25340,,,35130,,,1,-1,-1,1,-1,-1,1,-1,-1
N,2020,2,E,E2,965,,,709,,,20020,,,27770,,,38000,,,1,-1,-1,1,-1,-1,1,-1,-1
N,2020,2,E,E3,4428,,,4118,,,21110,,,29570,,,40700,,,1,-1,-1,1,-1,-1,1,-1,-1
N,2020,2,E,E4,5703,,,5976,,,24560,,,36070,,,51820,,,1,-1,-1,1,-1,-1,1,-1,-1
N,2020,2,E,E5,8451,,,7163,,,32840,,,51910,,,74600,,,1,-1,-1,1,-1,-1,1,-1,-1
N,2020,2,E,E6,4462,,,2983,,,49270,,,71970,,,93940,,,1,-1,-1,1,-1,-1,1,-1,-1
N,2020,2,E,E7-E9,4121,,,2637,,,55470,,,77660,,,99640,,,1,-1,-1,1,-1,-1,1,-1,-1
